{"stat.useItem.minecraft.quartz_block":16,"stat.leaveGame":5,"stat.useItem.minecraft.bookshelf":14,"stat.mineBlock.minecraft.sandstone":51,"stat.pickup.minecraft.fishing_rod":1,"stat.pickup.minecraft.glowstone_dust":38,"stat.useItem.minecraft.water_bucket":6,"stat.pickup.minecraft.rotten_flesh":2,"stat.pickup.minecraft.sand":41,"stat.craftItem.minecraft.stone_axe":1,"stat.craftItem.minecraft.iron_shovel":1,"stat.pickup.minecraft.brown_mushroom":17,"stat.mineBlock.minecraft.sand":41,"stat.useItem.minecraft.iron_pickaxe":250,"stat.pickup.minecraft.stained_hardened_clay":54,"stat.craftItem.minecraft.wooden_pickaxe":1,"stat.useItem.minecraft.iron_shovel":248,"stat.pickup.minecraft.double_plant":94,"stat.craftItem.minecraft.bed":1,"stat.craftItem.minecraft.hardened_clay":64,"stat.craftItem.minecraft.glass_pane":16,"stat.furnaceInteraction":72,"stat.mineBlock.minecraft.stained_hardened_clay":57,"stat.useItem.minecraft.flint_and_steel":1,"stat.useItem.minecraft.wheat_seeds":295,"stat.pickup.minecraft.emerald":7,"stat.pickup.minecraft.bowl":1,"stat.deaths":1,"stat.pickup.minecraft.egg":32,"stat.playOneMinute":547526,"stat.craftItem.minecraft.iron_pickaxe":1,"stat.mineBlock.minecraft.tallgrass":701,"stat.fishCaught":53,"stat.pickup.minecraft.netherrack":16,"stat.chestOpened":280,"stat.useItem.minecraft.stone":13,"stat.mineBlock.minecraft.netherrack":16,"stat.craftItem.minecraft.quartz_block":38,"stat.craftItem.minecraft.coal":83,"stat.fallOneCm":111031,"stat.pickup.minecraft.carrot":126,"stat.crouchOneCm":121639,"stat.mineBlock.minecraft.chest":9,"stat.craftItem.minecraft.chest":10,"stat.craftItem.minecraft.iron_ingot":30,"stat.craftingTableInteraction":72,"stat.useItem.minecraft.furnace":1,"stat.useItem.minecraft.reeds":16,"stat.pickup.minecraft.dye":47,"stat.craftItem.minecraft.diamond_shovel":1,"stat.pickup.minecraft.wheat_seeds":452,"stat.mineBlock.minecraft.gravel":6,"stat.useItem.minecraft.stone_pickaxe":119,"stat.mineBlock.minecraft.dirt":1063,"stat.useItem.minecraft.torch":178,"stat.craftItem.minecraft.redstone_block":11,"stat.useItem.minecraft.log":20,"stat.pickup.minecraft.crafting_table":3,"stat.useItem.minecraft.cobblestone":28,"stat.craftItem.minecraft.crafting_table":2,"stat.mineBlock.minecraft.double_plant":106,"stat.mineBlock.minecraft.emerald_ore":7,"stat.pickup.minecraft.log":186,"stat.craftItem.minecraft.gold_ingot":24,"stat.pickup.minecraft.sapling":91,"stat.pickup.minecraft.apple":8,"stat.useItem.minecraft.glass_pane":13,"stat.pickup.minecraft.beetroot":5,"stat.craftItem.minecraft.bucket":2,"stat.craftItem.minecraft.planks":332,"stat.useItem.minecraft.iron_sword":15,"stat.itemEnchanted":1,"stat.craftItem.minecraft.fishing_rod":1,"stat.pickup.minecraft.book":54,"stat.mineBlock.minecraft.log":187,"stat.useItem.minecraft.stone_hoe":132,"stat.craftItem.minecraft.paper":72,"stat.pickup.minecraft.red_flower":458,"stat.sneakTime":32978,"stat.pickup.minecraft.wool":5,"stat.pickup.minecraft.yellow_flower":37,"stat.useItem.minecraft.fishing_rod":68,"stat.pickup.minecraft.chest":9,"stat.craftItem.minecraft.enchanting_table":1,"stat.drop.minecraft.stone_pickaxe":2,"stat.pickup.minecraft.tripwire_hook":1,"stat.pickup.minecraft.bone":2,"stat.pickup.minecraft.stone_pickaxe":2,"stat.pickup.minecraft.flint":1,"stat.mineBlock.minecraft.yellow_flower":37,"stat.mineBlock.minecraft.brown_mushroom":16,"stat.craftItem.minecraft.wool":4,"stat.swimOneCm":169464,"stat.climbOneCm":84182,"stat.craftItem.minecraft.gold_block":3,"stat.pickup.minecraft.writable_book":1,"stat.useItem.minecraft.obsidian":9,"stat.useItem.minecraft.dirt":67,"stat.drop.minecraft.writable_book":1,"stat.useItem.minecraft.stone_slab2":31,"stat.craftItem.minecraft.furnace":1,"stat.useItem.minecraft.egg":22,"stat.pickup.minecraft.enchanting_table":1,"stat.craftItem.minecraft.stone_pickaxe":1,"stat.mineBlock.minecraft.obsidian":14,"stat.pickup.minecraft.cobblestone":187,"stat.mineBlock.minecraft.clay":66,"stat.flyOneCm":719806,"stat.pickup.minecraft.sandstone":51,"stat.pickup.minecraft.fish":53,"stat.pickup.minecraft.cactus":59,"stat.pickup.minecraft.redstone":166,"stat.mineBlock.minecraft.iron_ore":131,"stat.timeSinceDeath":99622,"stat.pickup.minecraft.mutton":8,"stat.pickup.minecraft.mossy_cobblestone":6,"stat.craftItem.minecraft.iron_block":1,"stat.mineBlock.minecraft.enchanting_table":1,"stat.mineBlock.minecraft.coal_ore":1,"stat.craftItem.minecraft.stone_hoe":1,"stat.talkedToVillager":27,"stat.pickup.minecraft.string":1,"stat.mineBlock.minecraft.ladder":4,"stat.craftItem.minecraft.stone_slab2":0,"stat.killEntity.Squid":3,"stat.sprintOneCm":1306908,"stat.useItem.minecraft.diamond_shovel":470,"stat.craftItem.minecraft.stick":168,"stat.craftItem.minecraft.stone":5,"stat.mineBlock.minecraft.diamond_ore":8,"stat.mineBlock.minecraft.crafting_table":3,"stat.useItem.minecraft.diamond_pickaxe":336,"stat.useItem.minecraft.carrot":59,"stat.useItem.minecraft.bucket":53,"stat.drop":3,"stat.killEntity.Sheep":5,"stat.useItem.minecraft.ladder":27,"stat.craftItem.minecraft.diamond_pickaxe":1,"stat.craftItem.minecraft.dye":102,"stat.craftItem.minecraft.clay":65,"stat.craftItem.minecraft.diamond_axe":1,"stat.mineBlock.minecraft.gold_ore":24,"stat.diveOneCm":89971,"stat.pickup.minecraft.wheat":194,"stat.mineBlock.minecraft.mossy_cobblestone":6,"stat.craftItem.minecraft.ladder":24,"stat.pickup.minecraft.gravel":4,"stat.useItem.minecraft.diamond_axe":22,"stat.mineBlock.minecraft.deadbush":1,"stat.pickup.minecraft.obsidian":14,"stat.jump":6586,"stat.useItem.minecraft.sand":15,"stat.pickup.minecraft.coal":1,"stat.useItem.minecraft.stone_axe":132,"stat.craftItem.minecraft.torch":208,"stat.pickup.minecraft.dirt":1055,"stat.pickup.minecraft.iron_ore":130,"stat.useItem.minecraft.sapling":16,"stat.pickup.minecraft.gold_ore":24,"stat.mineBlock.minecraft.lapis_ore":7,"stat.craftItem.minecraft.flint_and_steel":1,"stat.mineBlock.minecraft.glass_pane":1,"stat.mineBlock.minecraft.leaves2":66,"stat.damageTaken":1560,"stat.pickup.minecraft.leather":1,"stat.mineBlock.minecraft.red_flower":473,"stat.mineBlock.minecraft.torch":41,"stat.useItem.minecraft.wooden_pickaxe":60,"stat.mineBlock.minecraft.sapling":2,"stat.craftItem.minecraft.glowstone":9,"stat.pickup.minecraft.reeds":88,"stat.pickup.minecraft.bed":1,"stat.pickup.minecraft.potato":15,"stat.craftItem.minecraft.glass":12,"stat.damageDealt":710,"stat.sleepInBed":4,"stat.useItem.minecraft.crafting_table":4,"stat.craftItem.minecraft.iron_sword":1,"stat.walkOneCm":2687209,"stat.animalsBred":12,"stat.useItem.minecraft.chest":16,"stat.pickup.minecraft.clay_ball":264,"stat.useItem.minecraft.lava_bucket":45,"stat.pickup.minecraft.tnt":9,"stat.pickup.minecraft.stone":56,"stat.breakItem.minecraft.stone_hoe":1,"stat.pickup.minecraft.ladder":4,"stat.useItem.minecraft.cactus":9,"stat.mineBlock.minecraft.tnt":9,"stat.mineBlock.minecraft.cactus":27,"stat.craftItem.minecraft.bookshelf":17,"stat.mineBlock.minecraft.quartz_ore":152,"stat.mineBlock.minecraft.glowstone":11,"stat.mobKills":9,"stat.mineBlock.minecraft.bookshelf":18,"stat.pickup.minecraft.quartz":152,"stat.useItem.minecraft.mossy_cobblestone":5,"stat.pickup.minecraft.diamond":8,"stat.mineBlock.minecraft.leaves":475,"stat.pickup.minecraft.beetroot_seeds":16,"stat.useItem.minecraft.writable_book":18,"stat.pickup.minecraft.torch":45,"stat.mineBlock.minecraft.redstone_ore":38,"stat.craftItem.minecraft.compass":1,"stat.mineBlock.minecraft.stone":252,"stat.breakItem.minecraft.wooden_pickaxe":1}